Questions,Choice1,Choice2
question 1, choice text 1,choice text 2,chocie text 53,choice text 54
question 2, choice text 3,choice text 4,chocie text 55,choice text 56
question 3, choice text 5,choice text 6,chocie text 57,choice text 58
question 4, choice text 7,choice text 8,chocie text 59,choice text 60
question 5, choice text 9,choice text 10,chocie text 61,choice text 62
question 6, choice text 11,choice text 12,chocie text 63,choice text 64
question 7, choice text 13,choice text 14,chocie text 65,choice text 66
question 8, choice text 15,choice text 16,chocie text 67,choice text 68
question 9, choice text 17,choice text 18,chocie text 69,choice text 70
question 10, choice text 19,choice text 20,chocie text 71,choice text 72
question 11, choice text 21,choice text 22,chocie text 73,choice text 74
question 12, choice text 23,choice text 24,chocie text 75,choice text 76
question 13, choice text 25,choice text 26,chocie text 77,choice text 78
question 14, choice text 27,choice text 28,chocie text 79,choice text 80
question 15, choice text 29,choice text 30,chocie text 81,choice text 82
question 16, choice text 31,choice text 32,chocie text 83,choice text 84
question 17, choice text 33,choice text 34,chocie text 85,choice text 86
question 18, choice text 35,choice text 36,chocie text 87,choice text 88
question 19, choice text 37,choice text 38,chocie text 89,choice text 90
question 20, choice text 39,choice text 40,chocie text 91,choice text 92
question 21, choice text 41,choice text 42,chocie text 93,choice text 94
question 22, choice text 43,choice text 44,chocie text 95,choice text 96
question 23, choice text 45,choice text 46,chocie text 97,choice text 98
question 24, choice text 47,choice text 48,chocie text 99,choice text 100
question 25, choice text 49,choice text 50,chocie text 101,choice text 102
question 26, choice text 51,choice text 52,chocie text 103,choice text 104